slug,url
1-for-some-is-not-good-enough,https://www.barrfoundation.org/blog/1-for-some-is-not-good-enough
10-questions-with-silvia-lopez-chavez,https://www.barrfoundation.org/blog/10-questions-with-silvia-lopez-chavez
14-new-england-communities-to-build-portrait-of-a-graduate,https://www.barrfoundation.org/blog/14-new-england-communities-to-build-portrait-of-a-graduate
19-funders-pledge-53-million-to-expand-energy-efficiency,https://www.barrfoundation.org/blog/19-funders-pledge-53-million-to-expand-energy-efficiency
19th-century-zoning-calling-your-shots-not-this-boston-suburb,https://www.barrfoundation.org/blog/19th-century-zoning-calling-your-shots-not-this-boston-suburb
2011-class-of-barr-fellows-announced,https://www.barrfoundation.org/blog/2011-class-of-barr-fellows-announced
29-foundations-pledge-over-4-billion-to-address-climate-change,https://www.barrfoundation.org/blog/29-foundations-pledge-over-4-billion-to-address-climate-change
a-big-leap-for-quality-in-early-education,https://www.barrfoundation.org/blog/a-big-leap-for-quality-in-early-education
a-broader-view-of-community-transformation,https://www.barrfoundation.org/blog/a-broader-view-of-community-transformation
a-call-for-cities-to-lead-the-way-to-better-transit,https://www.barrfoundation.org/blog/a-call-for-cities-to-lead-the-way-to-better-transit
a-commitment-to-bipoc-arts-and-communities,https://www.barrfoundation.org/blog/a-commitment-to-bipoc-arts-and-communities
a-critical-piece-in-the-sustainability-puzzle,https://www.barrfoundation.org/blog/a-critical-piece-in-the-sustainability-puzzle
a-different-direction-tools-to-advance-equity-in-transportation,https://www.barrfoundation.org/blog/a-different-direction-tools-to-advance-equity-in-transportation
a-double-bottom-line-win-in-massachusetts,https://www.barrfoundation.org/blog/a-double-bottom-line-win-in-massachusetts
a-few-words-with-barr-s-new-director-of-education,https://www.barrfoundation.org/blog/a-few-words-with-barr-s-new-director-of-education
a-leadership-pipeline-for-philanthropy,https://www.barrfoundation.org/blog/a-leadership-pipeline-for-philanthropy
a-learning-journey-to-alabama,https://www.barrfoundation.org/blog/a-learning-journey-to-alabama
a-message-to-our-grantees-on-covid-19,https://www.barrfoundation.org/blog/a-message-to-our-grantees-on-covid-19
a-milestone-year,https://www.barrfoundation.org/blog/a-milestone-year
a-neuroscientist-walks-into-a-museum,https://www.barrfoundation.org/blog/a-neuroscientist-walks-into-a-museum
a-new-approach-to-scaling-high-quality-pre-kindergarten,https://www.barrfoundation.org/blog/a-new-approach-to-scaling-high-quality-pre-kindergarten
a-new-cohort-of-barr-fellows-commences-with-learning-journey,https://www.barrfoundation.org/blog/a-new-cohort-of-barr-fellows-commences-with-learning-journey
a-new-model-for-quality-improvement-in-early-education,https://www.barrfoundation.org/blog/a-new-model-for-quality-improvement-in-early-education
a-new-paradigm-for-leadership-development,https://www.barrfoundation.org/blog/a-new-paradigm-for-leadership-development
a-peek-into-the-future-of-transportation,https://www.barrfoundation.org/blog/a-peek-into-the-future-of-transportation
a-peoples-guide-for-the-peoples-harbor,https://www.barrfoundation.org/blog/a-peoples-guide-for-the-peoples-harbor
a-promising-new-effort-to-improve-par,https://www.barrfoundation.org/blog/a-promising-new-effort-to-improve-par
a-renaissance-for-creativity-in-essex-county-massachusetts,https://www.barrfoundation.org/blog/a-renaissance-for-creativity-in-essex-county-massachusetts
a-route-to-climb-everest,https://www.barrfoundation.org/blog/a-route-to-climb-everest
a-tale-of-two-peaks-we-must-climb,https://www.barrfoundation.org/blog/a-tale-of-two-peaks-we-must-climb
a-time-for-aspiration,https://www.barrfoundation.org/blog/a-time-for-aspiration
a-time-for-bold-action-on-climate,https://www.barrfoundation.org/blog/a-time-for-bold-action-on-climate
a-time-to-be-steadfast,https://www.barrfoundation.org/blog/a-time-to-be-steadfast
a-time-to-embrace,https://www.barrfoundation.org/blog/a-time-to-embrace
a-transportation-plan-that-began-with-a-question,https://www.barrfoundation.org/blog/a-transportation-plan-that-began-with-a-question
a-vital-piece-of-our-clean-energy-future-ready-for-primetime-energy-storage,https://www.barrfoundation.org/blog/a-vital-piece-of-our-clean-energy-future-ready-for-primetime-energy-storage
a-wonk-free-secret-to-great-placemaking,https://www.barrfoundation.org/blog/a-wonk-free-secret-to-great-placemaking
a-word-of-thanks-to-a-gifted-leader,https://www.barrfoundation.org/blog/a-word-of-thanks-to-a-gifted-leader
a-year-that-changed-us-all,https://www.barrfoundation.org/blog/a-year-that-changed-us-all
actions-words,https://www.barrfoundation.org/blog/actions-words
activating-civic-leadership,https://www.barrfoundation.org/blog/activating-civic-leadership
active-healthy-ready-to-learn-and-fighting-climate-change-with-safe-routes,https://www.barrfoundation.org/blog/active-healthy-ready-to-learn-and-fighting-climate-change-with-safe-routes
adapting-to-climate-change-boston-practices,https://www.barrfoundation.org/blog/adapting-to-climate-change-boston-practices
adapting-to-covid19-pandemic-barr-climate-program,https://www.barrfoundation.org/blog/adapting-to-covid19-pandemic-barr-climate-program
against-the-tides-of-change-arts-and-culture-as-placekeeping-force,https://www.barrfoundation.org/blog/against-the-tides-of-change-arts-and-culture-as-placekeeping-force
ahead-of-the-heat-wave-preparing-for-extreme-heat-in-massachusetts,https://www.barrfoundation.org/blog/ahead-of-the-heat-wave-preparing-for-extreme-heat-in-massachusetts
all-door-boarding-boosts-mbta-silver-line-bus,https://www.barrfoundation.org/blog/all-door-boarding-boosts-mbta-silver-line-bus
all-things-not-being-equal-equity-race-and-metro-boston,https://www.barrfoundation.org/blog/all-things-not-being-equal-equity-race-and-metro-boston
an-artist-walks-into-a-planning-agency,https://www.barrfoundation.org/blog/an-artist-walks-into-a-planning-agency
an-enduring-commitment-to-racial-equity,https://www.barrfoundation.org/blog/an-enduring-commitment-to-racial-equity
an-exit-interview-with-a-transportation-champion,https://www.barrfoundation.org/blog/an-exit-interview-with-a-transportation-champion
an-invitation-help-inform-barr-s-racial-wealth-equity-strategy,https://www.barrfoundation.org/blog/an-invitation-help-inform-barr-s-racial-wealth-equity-strategy
an-unintended-consequence-of-authentic-relationships,https://www.barrfoundation.org/blog/an-unintended-consequence-of-authentic-relationships
an-update-on-barr-s-global-program,https://www.barrfoundation.org/blog/an-update-on-barr-s-global-program
an-update-on-our-planning-efforts,https://www.barrfoundation.org/blog/an-update-on-our-planning-efforts
and-we-sing-well-too,https://www.barrfoundation.org/blog/and-we-sing-well-too
announcing-10-million-in-new-grants,https://www.barrfoundation.org/blog/announcing-10-million-in-new-grants
announcing-19-2-million-in-new-grants,https://www.barrfoundation.org/blog/announcing-19-2-million-in-new-grants
announcing-6-5-million-in-new-grants,https://www.barrfoundation.org/blog/announcing-6-5-million-in-new-grants
announcing-a-new-addition-to-barr-s-education-team,https://www.barrfoundation.org/blog/announcing-a-new-addition-to-barr-s-education-team
announcing-a-new-program-officer-for-the-arts,https://www.barrfoundation.org/blog/announcing-a-new-program-officer-for-the-arts
announcing-barr-klarman-massachusetts-arts-initiative,https://www.barrfoundation.org/blog/announcing-barr-klarman-massachusetts-arts-initiative
announcing-barr-s-first-grants-of-2015,https://www.barrfoundation.org/blog/announcing-barr-s-first-grants-of-2015
announcing-barr-s-new-director-of-education,https://www.barrfoundation.org/blog/announcing-barr-s-new-director-of-education
announcing-barrs-first-president,https://www.barrfoundation.org/blog/announcing-barrs-first-president
announcing-barrs-new-senior-program-officer-for-the-arts,https://www.barrfoundation.org/blog/announcing-barrs-new-senior-program-officer-for-the-arts
announcing-extension-of-partnership-with-five-community-foundations-advancing-arts-across-massachusetts,https://www.barrfoundation.org/blog/announcing-extension-of-partnership-with-five-community-foundations-advancing-arts-across-massachusetts
announcing-new-partners-doing-high-school-differently,https://www.barrfoundation.org/blog/announcing-new-partners-doing-high-school-differently
announcing-the-2015-barr-fellows,https://www.barrfoundation.org/blog/announcing-the-2015-barr-fellows
announcing-the-2019-class-of-barr-fellows,https://www.barrfoundation.org/blog/announcing-the-2019-class-of-barr-fellows
area-leaders-join-effort-to-link-boston-neighborhoods-and-job-centers-with-bus-rapid-transit,https://www.barrfoundation.org/blog/area-leaders-join-effort-to-link-boston-neighborhoods-and-job-centers-with-bus-rapid-transit
art-equity-in-action,https://www.barrfoundation.org/blog/art-equity-in-action
artists-in-a-world-out-of-balance,https://www.barrfoundation.org/blog/artists-in-a-world-out-of-balance
arts-engage-people-in-bettering-the-places-they-love,https://www.barrfoundation.org/blog/arts-engage-people-in-bettering-the-places-they-love
arts-help-massachusetts-communities-connect-heal-imagine,https://www.barrfoundation.org/blog/arts-help-massachusetts-communities-connect-heal-imagine
arts-mean-business-new-report-shows-economic-impact-of-arts-in-us,https://www.barrfoundation.org/blog/arts-mean-business-new-report-shows-economic-impact-of-arts-in-us
arts-means-business-recognizing-the-power-and-potential-of-our-creative-economy,https://www.barrfoundation.org/blog/arts-means-business-recognizing-the-power-and-potential-of-our-creative-economy
at-packed-public-hearing-artists-and-arts-lovers-envision-a-more-vibrant-bo,https://www.barrfoundation.org/blog/at-packed-public-hearing-artists-and-arts-lovers-envision-a-more-vibrant-bo
barr-and-boston-2024,https://www.barrfoundation.org/blog/barr-and-boston-2024
barr-and-ford-foundations-together-commit-10-million-to-support-bipoc-focused-arts-in-massachusetts,https://www.barrfoundation.org/blog/barr-and-ford-foundations-together-commit-10-million-to-support-bipoc-focused-arts-in-massachusetts
barr-announces-1-million-response-to-family-separation-crisis,https://www.barrfoundation.org/blog/barr-announces-1-million-response-to-family-separation-crisis
barr-announces-awards-to-15-boston-arts-organizations-that-support-young-pe,https://www.barrfoundation.org/blog/barr-announces-awards-to-15-boston-arts-organizations-that-support-young-pe
barr-announces-awards-to-15-boston-arts-organizations-under-new-grant-progr,https://www.barrfoundation.org/blog/barr-announces-awards-to-15-boston-arts-organizations-under-new-grant-progr
barr-announces-director-of-learning-and-evaluation,https://www.barrfoundation.org/blog/barr-announces-director-of-learning-and-evaluation
barr-announces-first-cohort-of-partners-in-30-million-engage-new-england-doing-high-school-differently-initiative,https://www.barrfoundation.org/blog/barr-announces-first-cohort-of-partners-in-30-million-engage-new-england-doing-high-school-differently-initiative
barr-announces-new-effort-to-amplify-arts,https://www.barrfoundation.org/blog/barr-announces-new-effort-to-amplify-arts
barr-announces-new-grants-to-drive-toward-educator-diversity,https://www.barrfoundation.org/blog/barr-announces-new-grants-to-drive-toward-educator-diversity
barr-announces-request-for-proposals-as-part-of-waterfront-initiative,https://www.barrfoundation.org/blog/barr-announces-request-for-proposals-as-part-of-waterfront-initiative
barr-announces-rfp-for-cohort-2-of-the-engage-new-england-initiative,https://www.barrfoundation.org/blog/barr-announces-rfp-for-cohort-2-of-the-engage-new-england-initiative
barr-announces-rfp-for-cohort-three-of-the-engage-new-england-initiative,https://www.barrfoundation.org/blog/barr-announces-rfp-for-cohort-three-of-the-engage-new-england-initiative
barr-awards-1-26-million-for-the-new-england-civil-rights-fund,https://www.barrfoundation.org/blog/barr-awards-1-26-million-for-the-new-england-civil-rights-fund
barr-awards-1-36-million-to-nonprofits-supporting-black-communities-in-response-to-covid-19,https://www.barrfoundation.org/blog/barr-awards-1-36-million-to-nonprofits-supporting-black-communities-in-response-to-covid-19
barr-awards-12-million-in-second-quarter-of-2020,https://www.barrfoundation.org/blog/barr-awards-12-million-in-second-quarter-of-2020
barr-awards-13-7-million-in-fourth-quarter-of-2018,https://www.barrfoundation.org/blog/barr-awards-13-7-million-in-fourth-quarter-of-2018
barr-awards-13-9-million-in-first-quarter-of-2021,https://www.barrfoundation.org/blog/barr-awards-13-9-million-in-first-quarter-of-2021
barr-awards-14-2-million-in-second-quarter-of-2017,https://www.barrfoundation.org/blog/barr-awards-14-2-million-in-second-quarter-of-2017
barr-awards-15-9-million-in-third-quarter-of-2017,https://www.barrfoundation.org/blog/barr-awards-15-9-million-in-third-quarter-of-2017
barr-awards-15-million-second-quarter-2018,https://www.barrfoundation.org/blog/barr-awards-15-million-second-quarter-2018
barr-awards-16-million-in-first-quarter-of-2019,https://www.barrfoundation.org/blog/barr-awards-16-million-in-first-quarter-of-2019
barr-awards-17-2-million-in-second-quarter-of-2022,https://www.barrfoundation.org/blog/barr-awards-17-2-million-in-second-quarter-of-2022
barr-awards-17-million-in-second-quarter-of-2019,https://www.barrfoundation.org/blog/barr-awards-17-million-in-second-quarter-of-2019
barr-awards-18-5-million-in-third-quarter-of-2020,https://www.barrfoundation.org/blog/barr-awards-18-5-million-in-third-quarter-of-2020
barr-awards-20-7-million-in-second-quarter-of-2021,https://www.barrfoundation.org/blog/barr-awards-20-7-million-in-second-quarter-of-2021
barr-awards-20-million-in-first-quarter-of-2023,https://www.barrfoundation.org/blog/barr-awards-20-million-in-first-quarter-of-2023
barr-awards-23-8-million-in-new-grants,https://www.barrfoundation.org/blog/barr-awards-23-8-million-in-new-grants
barr-awards-24-6-million-in-fourth-quarter-of-2020,https://www.barrfoundation.org/blog/barr-awards-24-6-million-in-fourth-quarter-of-2020
barr-awards-24-million-in-first-quarter-of-2018,https://www.barrfoundation.org/blog/barr-awards-24-million-in-first-quarter-of-2018
barr-awards-25-8-million-in-third-quarter-of-2018,https://www.barrfoundation.org/blog/barr-awards-25-8-million-in-third-quarter-of-2018
barr-awards-25-million-in-final-quarter-of-2019,https://www.barrfoundation.org/blog/barr-awards-25-million-in-final-quarter-of-2019
barr-awards-27-1-million-in-first-quarter-of-2022,https://www.barrfoundation.org/blog/barr-awards-27-1-million-in-first-quarter-of-2022
barr-awards-30-9-million-in-third-quarter-of-2021,https://www.barrfoundation.org/blog/barr-awards-30-9-million-in-third-quarter-of-2021
barr-awards-32-7-million-in-third-quarter-grants,https://www.barrfoundation.org/blog/barr-awards-32-7-million-in-third-quarter-grants
barr-awards-35-7-million-in-final-quarter-of-2022,https://www.barrfoundation.org/blog/barr-awards-35-7-million-in-final-quarter-of-2022
barr-awards-36-7-million-in-fourth-quarter-grants,https://www.barrfoundation.org/blog/barr-awards-36-7-million-in-fourth-quarter-grants
barr-awards-43-2-million-in-fourth-quarter-of-2021,https://www.barrfoundation.org/blog/barr-awards-43-2-million-in-fourth-quarter-of-2021
barr-awards-50-3-million-in-third-quarter-of-2022,https://www.barrfoundation.org/blog/barr-awards-50-3-million-in-third-quarter-of-2022
barr-commits-2-million-for-vaccine-equity-efforts,https://www.barrfoundation.org/blog/barr-commits-2-million-for-vaccine-equity-efforts
barr-commits-2-million-to-immigrant-serving-organizations,https://www.barrfoundation.org/blog/barr-commits-2-million-to-immigrant-serving-organizations
barr-equity-journey,https://www.barrfoundation.org/blog/barr-equity-journey
barr-expands-its-office-space,https://www.barrfoundation.org/blog/barr-expands-its-office-space
barr-fellow-at-the-white-house,https://www.barrfoundation.org/blog/barr-fellow-at-the-white-house
barr-foundation-2007-grantee-perception-report,https://www.barrfoundation.org/blog/barr-foundation-2007-grantee-perception-report
barr-foundation-announces-13-3-million-in-new-grants,https://www.barrfoundation.org/blog/barr-foundation-announces-13-3-million-in-new-grants
barr-foundation-announces-13-4-million-in-new-grants,https://www.barrfoundation.org/blog/barr-foundation-announces-13-4-million-in-new-grants
barr-foundation-announces-16-6-million-in-new-grants,https://www.barrfoundation.org/blog/barr-foundation-announces-16-6-million-in-new-grants
barr-foundation-announces-20-6-million-in-new-grants,https://www.barrfoundation.org/blog/barr-foundation-announces-20-6-million-in-new-grants
barr-foundation-announces-28-5-million-in-new-grants,https://www.barrfoundation.org/blog/barr-foundation-announces-28-5-million-in-new-grants
barr-foundation-announces-4-15-million-in-new-grantmaking-centered-on-racial-equity,https://www.barrfoundation.org/blog/barr-foundation-announces-4-15-million-in-new-grantmaking-centered-on-racial-equity
barr-foundation-appoints-two-new-trustees,https://www.barrfoundation.org/blog/barr-foundation-appoints-two-new-trustees
barr-foundation-appoints-two-new-trustees-2019,https://www.barrfoundation.org/blog/barr-foundation-appoints-two-new-trustees-2019
barr-foundation-awards-13-7-million-in-second-quarter-of-2023,https://www.barrfoundation.org/blog/barr-foundation-awards-13-7-million-in-second-quarter-of-2023
barr-foundation-awards-over-26-million-in-third-quarter-of-2019,https://www.barrfoundation.org/blog/barr-foundation-awards-over-26-million-in-third-quarter-of-2019
barr-foundation-expands-climate-program,https://www.barrfoundation.org/blog/barr-foundation-expands-climate-program
barr-foundation-extends-commitment-to-boston-waterfront,https://www.barrfoundation.org/blog/barr-foundation-extends-commitment-to-boston-waterfront
barr-foundation-gpr-results,https://www.barrfoundation.org/blog/barr-foundation-gpr-results
barr-foundation-names-lynn-harwell-as-vice-president-for-administration,https://www.barrfoundation.org/blog/barr-foundation-names-lynn-harwell-as-vice-president-for-administration
barr-foundation-names-new-education-program-officer,https://www.barrfoundation.org/blog/barr-foundation-names-new-education-program-officer
barr-foundation-names-roger-nozaki-as-vice-president,https://www.barrfoundation.org/blog/barr-foundation-names-roger-nozaki-as-vice-president
barr-foundation-racial-justice-analysis,https://www.barrfoundation.org/blog/barr-foundation-racial-justice-analysis
barr-grantees-setting-tables-for-robust-civic-engagement,https://www.barrfoundation.org/blog/barr-grantees-setting-tables-for-robust-civic-engagement
barr-launches-new-initiative-to-support-off-track-youth,https://www.barrfoundation.org/blog/barr-launches-new-initiative-to-support-off-track-youth
barr-quarterly-newsletter-archive,https://www.barrfoundation.org/blog/barr-quarterly-newsletter-archive
barr-renews-commitment-to-signature-leadership-program,https://www.barrfoundation.org/blog/barr-renews-commitment-to-signature-leadership-program
barr-s-new-climate-resilience-strategies,https://www.barrfoundation.org/blog/barr-s-new-climate-resilience-strategies
barr-seeks-arts-creativity-program-associate,https://www.barrfoundation.org/blog/barr-seeks-arts-creativity-program-associate
barr-seeks-proposals-from-innovative-schools-and-programs,https://www.barrfoundation.org/blog/barr-seeks-proposals-from-innovative-schools-and-programs
barr-welcomes-nea-chairman-jane-chu-to-boston,https://www.barrfoundation.org/blog/barr-welcomes-nea-chairman-jane-chu-to-boston
barrs-rahn-dorsey-appointed-bostons-first-chief-of-education,https://www.barrfoundation.org/blog/barrs-rahn-dorsey-appointed-bostons-first-chief-of-education
bca-takes-an-artistic-risk,https://www.barrfoundation.org/blog/bca-takes-an-artistic-risk
because-we-all-love-our-children,https://www.barrfoundation.org/blog/because-we-all-love-our-children
beyond-silver-bullets-the-levers-for-change,https://www.barrfoundation.org/blog/beyond-silver-bullets-the-levers-for-change
beyond-the-grant,https://www.barrfoundation.org/blog/beyond-the-grant
big-ideas-from-boston-mobility-summit,https://www.barrfoundation.org/blog/big-ideas-from-boston-mobility-summit
big-returns-for-investing-in-renewable-energy,https://www.barrfoundation.org/blog/big-returns-for-investing-in-renewable-energy
board-time-three-keys-to-strategic-engagement,https://www.barrfoundation.org/blog/board-time-three-keys-to-strategic-engagement
bold-aspirations-for-boston-future,https://www.barrfoundation.org/blog/bold-aspirations-for-boston-future
boston-arts-audience-diversification,https://www.barrfoundation.org/blog/boston-arts-audience-diversification
boston-brt-bus-station-design-competition,https://www.barrfoundation.org/blog/boston-brt-bus-station-design-competition
boston-businesses-show-art-of-possible-on-climate-action,https://www.barrfoundation.org/blog/boston-businesses-show-art-of-possible-on-climate-action
boston-digs-in-to-new-report-on-social-sector-s-future,https://www.barrfoundation.org/blog/boston-digs-in-to-new-report-on-social-sector-s-future
boston-elects-new-mayor,https://www.barrfoundation.org/blog/boston-elects-new-mayor
boston-globe-to-deepen-reporting-on-education,https://www.barrfoundation.org/blog/boston-globe-to-deepen-reporting-on-education
boston-green-and-healthy-building-network,https://www.barrfoundation.org/blog/boston-green-and-healthy-building-network
boston-hospitals-achieve-healthy-reductions-in-energy-consumption,https://www.barrfoundation.org/blog/boston-hospitals-achieve-healthy-reductions-in-energy-consumption
boston-interfaith-community-solar-project,https://www.barrfoundation.org/blog/boston-interfaith-community-solar-project
boston-launches-first-ever-cultural-planning-process,https://www.barrfoundation.org/blog/boston-launches-first-ever-cultural-planning-process
boston-mobility-future,https://www.barrfoundation.org/blog/boston-mobility-future
boston-needs-to-invest-in-a-new-generation-of-artists,https://www.barrfoundation.org/blog/boston-needs-to-invest-in-a-new-generation-of-artists
boston-preparing-for-climate-change-storms-ahead,https://www.barrfoundation.org/blog/boston-preparing-for-climate-change-storms-ahead
boston-public-schools-showcase-innovation-amid-ongoing-challenges,https://www.barrfoundation.org/blog/boston-public-schools-showcase-innovation-amid-ongoing-challenges
boston-s-art-s-moment,https://www.barrfoundation.org/blog/boston-s-art-s-moment
boston-teacher-residency-model-for-success,https://www.barrfoundation.org/blog/boston-teacher-residency-model-for-success
boston-theater-offensive-takes-an-artistic-risk,https://www.barrfoundation.org/blog/boston-theater-offensive-takes-an-artistic-risk
boston-utilities-integrate-climate-resilience-and-mitigation,https://www.barrfoundation.org/blog/boston-utilities-integrate-climate-resilience-and-mitigation
boston-voters-value-the-waterfront-ready-for-change,https://www.barrfoundation.org/blog/boston-voters-value-the-waterfront-ready-for-change
building-a-stronger-and-more-diverse-arts-sector,https://www.barrfoundation.org/blog/building-a-stronger-and-more-diverse-arts-sector
building-on-growth-as-we-enter-a-new-decade,https://www.barrfoundation.org/blog/building-on-growth-as-we-enter-a-new-decade
building-on-whats-working-in-early-education-in-boston,https://www.barrfoundation.org/blog/building-on-whats-working-in-early-education-in-boston
building-the-field-of-dreams,https://www.barrfoundation.org/blog/building-the-field-of-dreams
bus-rapid-transit-may-put-transit-excellence-in-reach,https://www.barrfoundation.org/blog/bus-rapid-transit-may-put-transit-excellence-in-reach
bus-rapid-transit-pilot-results-bring-hope-amidst-transportation-crisis,https://www.barrfoundation.org/blog/bus-rapid-transit-pilot-results-bring-hope-amidst-transportation-crisis
buses-next-in-transportation,https://www.barrfoundation.org/blog/buses-next-in-transportation
businesses-and-investors-step-up-on-climate-change,https://www.barrfoundation.org/blog/businesses-and-investors-step-up-on-climate-change
change-from-the-inside-out,https://www.barrfoundation.org/blog/change-from-the-inside-out
charting-a-course-to-universal-high-quality-pre-k,https://www.barrfoundation.org/blog/charting-a-course-to-universal-high-quality-pre-k
charting-a-path-back-to-live-performance,https://www.barrfoundation.org/blog/charting-a-path-back-to-live-performance
chronicle-of-philanthropy-fighting-global-climate-change-requires-foundations-to-give-local,https://www.barrfoundation.org/blog/chronicle-of-philanthropy-fighting-global-climate-change-requires-foundations-to-give-local
clean-energy-powers-3-million-us-jobs,https://www.barrfoundation.org/blog/clean-energy-powers-3-million-us-jobs
climate-resiliency-efforts-in-boston,https://www.barrfoundation.org/blog/climate-resiliency-efforts-in-boston
closing-the-racial-wealth-gap,https://www.barrfoundation.org/blog/closing-the-racial-wealth-gap
collective-action-for-arts-education,https://www.barrfoundation.org/blog/collective-action-for-arts-education
come-together-right-now,https://www.barrfoundation.org/blog/come-together-right-now
communities-find-cleaner-affordable-energy-with-municipal-aggregation,https://www.barrfoundation.org/blog/communities-find-cleaner-affordable-energy-with-municipal-aggregation
community-driven-portrait-graduate-rfp,https://www.barrfoundation.org/blog/community-driven-portrait-graduate-rfp
commuting-by-boat-to-boston-water-transportation-study,https://www.barrfoundation.org/blog/commuting-by-boat-to-boston-water-transportation-study
connecticut-voters-are-ready-for-bold-action-on-climate-and-clean-energy,https://www.barrfoundation.org/blog/connecticut-voters-are-ready-for-bold-action-on-climate-and-clean-energy
connecting-all-students-to-success-in-and-beyond-high-school,https://www.barrfoundation.org/blog/connecting-all-students-to-success-in-and-beyond-high-school
creating-a-communications-culture-barr-ssir,https://www.barrfoundation.org/blog/creating-a-communications-culture-barr-ssir
creating-connection-through-arts-and-creativity,https://www.barrfoundation.org/blog/creating-connection-through-arts-and-creativity
creating-space-for-change-by-asking-why,https://www.barrfoundation.org/blog/creating-space-for-change-by-asking-why
creative-city-artists-are-activating-their-communities,https://www.barrfoundation.org/blog/creative-city-artists-are-activating-their-communities
creative-commonwealth,https://www.barrfoundation.org/blog/creative-commonwealth
creative-commonwealth-initiatives-highlights,https://www.barrfoundation.org/blog/creative-commonwealth-initiatives-highlights
culturehouse-building-resilient-communities,https://www.barrfoundation.org/blog/culturehouse-building-resilient-communities
current-openings,https://www.barrfoundation.org/blog/current-openings
defining-using-a-portrait-of-a-graduate,https://www.barrfoundation.org/blog/defining-using-a-portrait-of-a-graduate
designing-employee-leave-policies-that-reflect-our-values,https://www.barrfoundation.org/blog/designing-employee-leave-policies-that-reflect-our-values
developing-a-new-vision-of-high-school-education,https://www.barrfoundation.org/blog/developing-a-new-vision-of-high-school-education
developing-principles-for-racial-equity-in-grantmaking,https://www.barrfoundation.org/blog/developing-principles-for-racial-equity-in-grantmaking
dismantling-racism-is-everyone-s-work,https://www.barrfoundation.org/blog/dismantling-racism-is-everyone-s-work
districts-an-ambitious-but-achievable-scale-for-energy-transformation,https://www.barrfoundation.org/blog/districts-an-ambitious-but-achievable-scale-for-energy-transformation
diverse-group-of-leaders-advance-united-vision-to-transform-massachusetts-transportation-system,https://www.barrfoundation.org/blog/diverse-group-of-leaders-advance-united-vision-to-transform-massachusetts-transportation-system
don-t-let-the-school-year-go-to-waste,https://www.barrfoundation.org/blog/don-t-let-the-school-year-go-to-waste
doors-open,https://www.barrfoundation.org/blog/doors-open
education-director-wendy-puriefoy-to-leave-barr,https://www.barrfoundation.org/blog/education-director-wendy-puriefoy-to-leave-barr
education-models-worth-expanding,https://www.barrfoundation.org/blog/education-models-worth-expanding
education-week-features-boston-center-creating-second-chances-for-dropouts,https://www.barrfoundation.org/blog/education-week-features-boston-center-creating-second-chances-for-dropouts
eight-questions-with-barr-s-new-director-of-learning-and-evaluation,https://www.barrfoundation.org/blog/eight-questions-with-barr-s-new-director-of-learning-and-evaluation
eight-questions-with-barrs-new-education-program-officer,https://www.barrfoundation.org/blog/eight-questions-with-barrs-new-education-program-officer
elevating-the-arts-in-the-south-coast-of-massachusetts,https://www.barrfoundation.org/blog/elevating-the-arts-in-the-south-coast-of-massachusetts
embracing-openness-to-increase-effectiveness,https://www.barrfoundation.org/blog/embracing-openness-to-increase-effectiveness
embracing-risk-adapting-to-change-during-pandemic,https://www.barrfoundation.org/blog/embracing-risk-adapting-to-change-during-pandemic
embracing-winter-with-creative-ways-to-stay-outdoors,https://www.barrfoundation.org/blog/embracing-winter-with-creative-ways-to-stay-outdoors
empty-seats,https://www.barrfoundation.org/blog/empty-seats
energievergnuegen-the-joy-of-renewable-energy,https://www.barrfoundation.org/blog/energievergnuegen-the-joy-of-renewable-energy
evaluation-in-the-service-of-learning,https://www.barrfoundation.org/blog/evaluation-in-the-service-of-learning
expanding-access-to-a-winning-climate-strategy,https://www.barrfoundation.org/blog/expanding-access-to-a-winning-climate-strategy
expanding-access-to-the-arts-in-rural-berkshire-county,https://www.barrfoundation.org/blog/expanding-access-to-the-arts-in-rural-berkshire-county
experiential-education-in-bostons-pilot-schools-a-three-year-demonstration,https://www.barrfoundation.org/blog/experiential-education-in-bostons-pilot-schools-a-three-year-demonstration
fair-transit-fares-for-an-equitable-and-climate-friendly-future,https://www.barrfoundation.org/blog/fair-transit-fares-for-an-equitable-and-climate-friendly-future
far-from-the-day-to-day-boston-leaders-reflect-connect,https://www.barrfoundation.org/blog/far-from-the-day-to-day-boston-leaders-reflect-connect
filling-the-well-a-podcast-for-creative-changemakers,https://www.barrfoundation.org/blog/filling-the-well-a-podcast-for-creative-changemakers
finding-the-just-in-climate-work,https://www.barrfoundation.org/blog/finding-the-just-in-climate-work
first-deep-look-at-costs-and-benefits-of-northeast-cap-and-trade-scheme-sho,https://www.barrfoundation.org/blog/first-deep-look-at-costs-and-benefits-of-northeast-cap-and-trade-scheme-sho
five-community-driven-actions-for-change-in-arts-and-culture-organizations,https://www.barrfoundation.org/blog/five-community-driven-actions-for-change-in-arts-and-culture-organizations
five-focus-areas-for-schools-navigating-covid-19,https://www.barrfoundation.org/blog/five-focus-areas-for-schools-navigating-covid-19
five-lessons-from-two-decades-of-early-education-grantmaking,https://www.barrfoundation.org/blog/five-lessons-from-two-decades-of-early-education-grantmaking
five-lessons-our-grantees-shared-with-us-2019,https://www.barrfoundation.org/blog/five-lessons-our-grantees-shared-with-us-2019
five-mobility-bright-spots-to-build-on-in-2022,https://www.barrfoundation.org/blog/five-mobility-bright-spots-to-build-on-in-2022
for-second-time-boston-named-nation-s-most-energy-efficient-city,https://www.barrfoundation.org/blog/for-second-time-boston-named-nation-s-most-energy-efficient-city
four-lessons-and-four-pictures-of-climate-leadership-from-northern-europe,https://www.barrfoundation.org/blog/four-lessons-and-four-pictures-of-climate-leadership-from-northern-europe
four-lessons-from-five-years-barr-klarman,https://www.barrfoundation.org/blog/four-lessons-from-five-years-barr-klarman
frame-shift-then-power-shift,https://www.barrfoundation.org/blog/frame-shift-then-power-shift
from-boston-to-haiti-a-barr-fellows-learning-journey,https://www.barrfoundation.org/blog/from-boston-to-haiti-a-barr-fellows-learning-journey
from-commitment-to-action-barr-s-racial-equity-work,https://www.barrfoundation.org/blog/from-commitment-to-action-barr-s-racial-equity-work
from-family-philanthropy-to-a-legacy-foundation,https://www.barrfoundation.org/blog/from-family-philanthropy-to-a-legacy-foundation
from-local-to-global,https://www.barrfoundation.org/blog/from-local-to-global
from-planning-to-action-preparing-boston-for-a-changing-climate,https://www.barrfoundation.org/blog/from-planning-to-action-preparing-boston-for-a-changing-climate
from-the-president,https://www.barrfoundation.org/blog/from-the-president
from-the-president-december-2014,https://www.barrfoundation.org/blog/from-the-president-december-2014
from-the-president-fall-2014,https://www.barrfoundation.org/blog/from-the-president-fall-2014
from-the-president-february-2015,https://www.barrfoundation.org/blog/from-the-president-february-2015
from-the-president-january-2015,https://www.barrfoundation.org/blog/from-the-president-january-2015
from-the-president-july-2014,https://www.barrfoundation.org/blog/from-the-president-july-2014
from-the-president-may-2015,https://www.barrfoundation.org/blog/from-the-president-may-2015
from-urban-wasteland-to-great-neighborhood,https://www.barrfoundation.org/blog/from-urban-wasteland-to-great-neighborhood
fueling-up-for-a-new-conversation-about-transportation-financing-in-massach,https://www.barrfoundation.org/blog/fueling-up-for-a-new-conversation-about-transportation-financing-in-massach
gateway-to-college-to-double-reach-in-new-england,https://www.barrfoundation.org/blog/gateway-to-college-to-double-reach-in-new-england
generating-change,https://www.barrfoundation.org/blog/generating-change
getting-to-whole-child-time,https://www.barrfoundation.org/blog/getting-to-whole-child-time
giles-li-appointed-senior-program-officer-for-arts-creativity,https://www.barrfoundation.org/blog/giles-li-appointed-senior-program-officer-for-arts-creativity
giving-that-considers-all-costs,https://www.barrfoundation.org/blog/giving-that-considers-all-costs
glimmers-of-a-future-we-need,https://www.barrfoundation.org/blog/glimmers-of-a-future-we-need
grantee-feedback-2024,https://www.barrfoundation.org/blog/grantee-feedback-2024
green-guide-for-health-care,https://www.barrfoundation.org/blog/green-guide-for-health-care
green-power-at-lower-cost-green-municipal-aggregation-in-massachusetts,https://www.barrfoundation.org/blog/green-power-at-lower-cost-green-municipal-aggregation-in-massachusetts
growth-and-opportunity-education-team-updates,https://www.barrfoundation.org/blog/growth-and-opportunity-education-team-updates
health-care-s-role-in-anchoring-community-health-and-resilience,https://www.barrfoundation.org/blog/health-care-s-role-in-anchoring-community-health-and-resilience
helping-by-not-helping,https://www.barrfoundation.org/blog/helping-by-not-helping
helping-the-green-economy-work-for-all,https://www.barrfoundation.org/blog/helping-the-green-economy-work-for-all
high-hopes-for-state-s-new-charitable-deduction,https://www.barrfoundation.org/blog/high-hopes-for-state-s-new-charitable-deduction
high-school-racial-equity-requires-whole-school-change,https://www.barrfoundation.org/blog/high-school-racial-equity-requires-whole-school-change
how-all-great-leaders-communicate,https://www.barrfoundation.org/blog/how-all-great-leaders-communicate
how-artists-are-transforming-their-communities,https://www.barrfoundation.org/blog/how-artists-are-transforming-their-communities
how-arts-leaders-can-support-their-organizations-to-adapt,https://www.barrfoundation.org/blog/how-arts-leaders-can-support-their-organizations-to-adapt
how-can-massachusetts-diversify-its-nonprofit-leadership,https://www.barrfoundation.org/blog/how-can-massachusetts-diversify-its-nonprofit-leadership
how-grantmakers-and-governments-moved-quickly-to-transform-public-spaces,https://www.barrfoundation.org/blog/how-grantmakers-and-governments-moved-quickly-to-transform-public-spaces
how-nonprofits-can-ensure-a-full-2020-census-count,https://www.barrfoundation.org/blog/how-nonprofits-can-ensure-a-full-2020-census-count
how-ready-is-greater-boston-for-climate-change,https://www.barrfoundation.org/blog/how-ready-is-greater-boston-for-climate-change
how-school-leaders-prioritize-equity-achievement-and-wellness-even-in-challenging-times,https://www.barrfoundation.org/blog/how-school-leaders-prioritize-equity-achievement-and-wellness-even-in-challenging-times
how-to-keep-audience-next-from-clicking-unsubscribe,https://www.barrfoundation.org/blog/how-to-keep-audience-next-from-clicking-unsubscribe
how-we-re-reshaping-our-employee-reviews-to-be-more-equitable,https://www.barrfoundation.org/blog/how-we-re-reshaping-our-employee-reviews-to-be-more-equitable
huntington-theatre-takes-artistic-risk,https://www.barrfoundation.org/blog/huntington-theatre-takes-artistic-risk
hyde-square-task-force-shares-their-artistic-risk,https://www.barrfoundation.org/blog/hyde-square-task-force-shares-their-artistic-risk
ica-takes-an-artistic-risk,https://www.barrfoundation.org/blog/ica-takes-an-artistic-risk
immigrant-engagement-in-public-open-space,https://www.barrfoundation.org/blog/immigrant-engagement-in-public-open-space
important-role-for-local-regional-foundations-in-global-climate-change,https://www.barrfoundation.org/blog/important-role-for-local-regional-foundations-in-global-climate-change
in-a-funding-portfolio-diversity-drives-impact,https://www.barrfoundation.org/blog/in-a-funding-portfolio-diversity-drives-impact
in-changing-times-philanthropy-must-adapt,https://www.barrfoundation.org/blog/in-changing-times-philanthropy-must-adapt
in-conversation-district-attorney-rachael-rollins,https://www.barrfoundation.org/blog/in-conversation-district-attorney-rachael-rollins
in-conversation-ford-foundation-president-darren-walker,https://www.barrfoundation.org/blog/in-conversation-ford-foundation-president-darren-walker
in-conversation-seattle-waterfront-director-marshall-foster,https://www.barrfoundation.org/blog/in-conversation-seattle-waterfront-director-marshall-foster
innovation-is-everywhere,https://www.barrfoundation.org/blog/innovation-is-everywhere
inspiration-and-ideas-from-cities-leading-in-clean-energy,https://www.barrfoundation.org/blog/inspiration-and-ideas-from-cities-leading-in-clean-energy
inspiration-for-boston-waterfront,https://www.barrfoundation.org/blog/inspiration-for-boston-waterfront
interview-with-barr-senior-program-officer-for-education-john-travis,https://www.barrfoundation.org/blog/interview-with-barr-senior-program-officer-for-education-john-travis
introducing-2017-barr-fellows,https://www.barrfoundation.org/blog/introducing-2017-barr-fellows
introducing-arts-culture-and-transportation-a-creative-placemaking-field-scan,https://www.barrfoundation.org/blog/introducing-arts-culture-and-transportation-a-creative-placemaking-field-scan
introducing-artsamplified,https://www.barrfoundation.org/blog/introducing-artsamplified
introducing-cross-program-initiatives,https://www.barrfoundation.org/blog/introducing-cross-program-initiatives
introducing-green-dash-northeast,https://www.barrfoundation.org/blog/introducing-green-dash-northeast
introducing-the-new-barrfoundation-org,https://www.barrfoundation.org/blog/introducing-the-new-barrfoundation-org
investing-in-collaborative-workspaces-for-artists,https://www.barrfoundation.org/blog/investing-in-collaborative-workspaces-for-artists
investing-in-leadership-for-racial-equity,https://www.barrfoundation.org/blog/investing-in-leadership-for-racial-equity
investing-in-nonprofits-most-essential-assets-leaders,https://www.barrfoundation.org/blog/investing-in-nonprofits-most-essential-assets-leaders
investing-in-strong-nonprofit-sector,https://www.barrfoundation.org/blog/investing-in-strong-nonprofit-sector
investing-resources-and-offering-flexibility,https://www.barrfoundation.org/blog/investing-resources-and-offering-flexibility
invisible-elephant-in-climate-room-much-bigger-than-we-thought,https://www.barrfoundation.org/blog/invisible-elephant-in-climate-room-much-bigger-than-we-thought
it-s-time-to-prioritize-equity-in-massachusetts-energy-efficiency-programs,https://www.barrfoundation.org/blog/it-s-time-to-prioritize-equity-in-massachusetts-energy-efficiency-programs
jamilah-bradshaw-shares-perspective-as-a-new-program-officer,https://www.barrfoundation.org/blog/jamilah-bradshaw-shares-perspective-as-a-new-program-officer
jenny-curtin-named-education-program-director,https://www.barrfoundation.org/blog/jenny-curtin-named-education-program-director
jill-valdes-horwood-appointed-director-of-barr-waterfront-initiative,https://www.barrfoundation.org/blog/jill-valdes-horwood-appointed-director-of-barr-waterfront-initiative
join-the-conversation-boston-transportation-future-goboston2030,https://www.barrfoundation.org/blog/join-the-conversation-boston-transportation-future-goboston2030
kalila-barnett-joins-barr-climate-resilience-team,https://www.barrfoundation.org/blog/kalila-barnett-joins-barr-climate-resilience-team
kathryn-wright-shares-perspectives-from-her-first-year-at-barr,https://www.barrfoundation.org/blog/kathryn-wright-shares-perspectives-from-her-first-year-at-barr
keep-listening-to-teachers,https://www.barrfoundation.org/blog/keep-listening-to-teachers
king-tides-preview-rising-seas,https://www.barrfoundation.org/blog/king-tides-preview-rising-seas
lawrence-community-works,https://www.barrfoundation.org/blog/lawrence-community-works
leadership-development-programs-need-an-upgrade-five-ways-to-advance-racial-equity,https://www.barrfoundation.org/blog/leadership-development-programs-need-an-upgrade-five-ways-to-advance-racial-equity
leadership-in-the-storm,https://www.barrfoundation.org/blog/leadership-in-the-storm
learning-and-evaluation-for-greater-impact,https://www.barrfoundation.org/blog/learning-and-evaluation-for-greater-impact
learning-beyond-the-walls-of-traditional-high-schools,https://www.barrfoundation.org/blog/learning-beyond-the-walls-of-traditional-high-schools
learning-excursions-for-massachusetts-secondary-educators,https://www.barrfoundation.org/blog/learning-excursions-for-massachusetts-secondary-educators
learning-to-support-equitable-school-transformation,https://www.barrfoundation.org/blog/learning-to-support-equitable-school-transformation
learnings-from-a-regional-approach-to-philanthropy,https://www.barrfoundation.org/blog/learnings-from-a-regional-approach-to-philanthropy
lessons-from-a-new-effort-to-scale-energy-efficiency-in-boston,https://www.barrfoundation.org/blog/lessons-from-a-new-effort-to-scale-energy-efficiency-in-boston
lessons-from-high-schools-designed-to-connect-all-students-to-success,https://www.barrfoundation.org/blog/lessons-from-high-schools-designed-to-connect-all-students-to-success
lessons-from-the-pandemic-for-building-resilience,https://www.barrfoundation.org/blog/lessons-from-the-pandemic-for-building-resilience
linked-learning-a-successful-high-school-design-approach,https://www.barrfoundation.org/blog/linked-learning-a-successful-high-school-design-approach
lisa-jacobson-to-join-barr-foundation-climate-team,https://www.barrfoundation.org/blog/lisa-jacobson-to-join-barr-foundation-climate-team
lisette-le-named-director-of-racial-wealth-equity-initiative,https://www.barrfoundation.org/blog/lisette-le-named-director-of-racial-wealth-equity-initiative
little-amal-walks-across-massachusetts,https://www.barrfoundation.org/blog/little-amal-walks-across-massachusetts
looking-to-denmark-as-a-model-for-an-equitable-clean-energy-sector,https://www.barrfoundation.org/blog/looking-to-denmark-as-a-model-for-an-equitable-clean-energy-sector
luck-is-not-a-strategy-for-climate-change,https://www.barrfoundation.org/blog/luck-is-not-a-strategy-for-climate-change
ma-residents-deeply-value-the-arts-and-hope-for-change,https://www.barrfoundation.org/blog/ma-residents-deeply-value-the-arts-and-hope-for-change
major-tipping-points-in-earths-climate-system-and-consequences-for-the-insu,https://www.barrfoundation.org/blog/major-tipping-points-in-earths-climate-system-and-consequences-for-the-insu
makers-unleashed,https://www.barrfoundation.org/blog/makers-unleashed
making-our-streets-work-for-everyone,https://www.barrfoundation.org/blog/making-our-streets-work-for-everyone
making-room-for-artistic-risk-taking-and-innovation,https://www.barrfoundation.org/blog/making-room-for-artistic-risk-taking-and-innovation
mariella-puerto-named-barr-foundation-climate-program-director,https://www.barrfoundation.org/blog/mariella-puerto-named-barr-foundation-climate-program-director
marion-m-kane,https://www.barrfoundation.org/blog/marion-m-kane
mark-edwards-barr-foundation-trustee,https://www.barrfoundation.org/blog/mark-edwards-barr-foundation-trustee
martins-park-inspiring-joy-promoting-peace-on-boston-waterfront,https://www.barrfoundation.org/blog/martins-park-inspiring-joy-promoting-peace-on-boston-waterfront
massachusetts-battery-storage-energy-efficiency-incentives,https://www.barrfoundation.org/blog/massachusetts-battery-storage-energy-efficiency-incentives
massachusetts-energy-efficiency-plan-benefits,https://www.barrfoundation.org/blog/massachusetts-energy-efficiency-plan-benefits
massachusetts-named-most-energy-efficient-state-again,https://www.barrfoundation.org/blog/massachusetts-named-most-energy-efficient-state-again
massachusetts-unseats-california-as-national-leaders-on-energy-efficiency,https://www.barrfoundation.org/blog/massachusetts-unseats-california-as-national-leaders-on-energy-efficiency
massachusetts-voters-want-more-clean-energy-insights-from-our-2022-poll,https://www.barrfoundation.org/blog/massachusetts-voters-want-more-clean-energy-insights-from-our-2022-poll
massachusetts-wants-climate-action-and-leadership,https://www.barrfoundation.org/blog/massachusetts-wants-climate-action-and-leadership
mastery-assessment-week-surfacing-examples-and-facilitating-connections,https://www.barrfoundation.org/blog/mastery-assessment-week-surfacing-examples-and-facilitating-connections
mayors-focus-on-transportation,https://www.barrfoundation.org/blog/mayors-focus-on-transportation
meet-barr-s-new-arts-creativity-program-officer,https://www.barrfoundation.org/blog/meet-barr-s-new-arts-creativity-program-officer
meet-creative-community-fellows-new-england,https://www.barrfoundation.org/blog/meet-creative-community-fellows-new-england
meet-francisco-torres,https://www.barrfoundation.org/blog/meet-francisco-torres
meet-the-creatives-behind-boston-creates,https://www.barrfoundation.org/blog/meet-the-creatives-behind-boston-creates
meet-the-newest-member-of-barr-s-arts-team,https://www.barrfoundation.org/blog/meet-the-newest-member-of-barr-s-arts-team
meet-the-newest-member-of-barr-s-climate-team,https://www.barrfoundation.org/blog/meet-the-newest-member-of-barr-s-climate-team
meredith-hatfield-to-join-barr-foundation-climate-team,https://www.barrfoundation.org/blog/meredith-hatfield-to-join-barr-foundation-climate-team
money-talks-here-s-what-we-want-it-to-say,https://www.barrfoundation.org/blog/money-talks-here-s-what-we-want-it-to-say
more-racing-to-the-top-in-massachusetts,https://www.barrfoundation.org/blog/more-racing-to-the-top-in-massachusetts
more-severe-heat-waves-global-warmings-wake-up-call,https://www.barrfoundation.org/blog/more-severe-heat-waves-global-warmings-wake-up-call
more-than-words-on-a-website,https://www.barrfoundation.org/blog/more-than-words-on-a-website
moving-cooler-an-analysis-of-transportation-strategies,https://www.barrfoundation.org/blog/moving-cooler-an-analysis-of-transportation-strategies
moving-from-vision-to-practice-with-school-transformation,https://www.barrfoundation.org/blog/moving-from-vision-to-practice-with-school-transformation
national-and-local-supporters-rally-behind-boston-s-disconnected-youth,https://www.barrfoundation.org/blog/national-and-local-supporters-rally-behind-boston-s-disconnected-youth
national-spotlight-on-boston-childrens-chorus,https://www.barrfoundation.org/blog/national-spotlight-on-boston-childrens-chorus
navigating-through-a-pandemic,https://www.barrfoundation.org/blog/navigating-through-a-pandemic
networks-fun-and-healthy-competition-spur-boston-businesses-on-sustainabili,https://www.barrfoundation.org/blog/networks-fun-and-healthy-competition-spur-boston-businesses-on-sustainabili
new-alliance-forms-focused-on-boston-waterfront,https://www.barrfoundation.org/blog/new-alliance-forms-focused-on-boston-waterfront
new-and-refined-directions-for-early-education-at-barr,https://www.barrfoundation.org/blog/new-and-refined-directions-for-early-education-at-barr
new-barr-grants-to-promote-and-sustain-a-healthy-democracy,https://www.barrfoundation.org/blog/new-barr-grants-to-promote-and-sustain-a-healthy-democracy
new-directions-for-barr-arts-creativity-program,https://www.barrfoundation.org/blog/new-directions-for-barr-arts-creativity-program
new-england-chambers-of-commerce-leading-on-clean-energy,https://www.barrfoundation.org/blog/new-england-chambers-of-commerce-leading-on-clean-energy
new-england-creative-economy-jobs-employment-data,https://www.barrfoundation.org/blog/new-england-creative-economy-jobs-employment-data
new-england-students-and-parents-expect-more-from-high-school,https://www.barrfoundation.org/blog/new-england-students-and-parents-expect-more-from-high-school
new-englanders-welcome-the-clean-energy-transition,https://www.barrfoundation.org/blog/new-englanders-welcome-the-clean-energy-transition
new-fellowship-opportunity-for-new-england-creative-changemakers,https://www.barrfoundation.org/blog/new-fellowship-opportunity-for-new-england-creative-changemakers
new-films-next-steps-for-barr-global-team,https://www.barrfoundation.org/blog/new-films-next-steps-for-barr-global-team
new-findings-confirm-climate-risks-facing-boston,https://www.barrfoundation.org/blog/new-findings-confirm-climate-risks-facing-boston
new-funding-extends-transformation-efforts-in-five-high-schools,https://www.barrfoundation.org/blog/new-funding-extends-transformation-efforts-in-five-high-schools
new-funding-opportunity-to-transform-the-high-school-experience,https://www.barrfoundation.org/blog/new-funding-opportunity-to-transform-the-high-school-experience
new-grants-support-11-schools-redesign-where-learning-happens,https://www.barrfoundation.org/blog/new-grants-support-11-schools-redesign-where-learning-happens
new-initiative-protects-civil-liberties-and-informed-democracy,https://www.barrfoundation.org/blog/new-initiative-protects-civil-liberties-and-informed-democracy
new-opportunity-boston-nonprofit-leadership-development,https://www.barrfoundation.org/blog/new-opportunity-boston-nonprofit-leadership-development
new-opportunity-to-support-transformative-school-leadership,https://www.barrfoundation.org/blog/new-opportunity-to-support-transformative-school-leadership
new-partnerships-strengthen-school-leadership-in-massachusetts,https://www.barrfoundation.org/blog/new-partnerships-strengthen-school-leadership-in-massachusetts
new-poll-seeks-ideas-about-public-high-schools-in-new-england,https://www.barrfoundation.org/blog/new-poll-seeks-ideas-about-public-high-schools-in-new-england
new-report-details-challenges-facing-boston-s-public-high-schools,https://www.barrfoundation.org/blog/new-report-details-challenges-facing-boston-s-public-high-schools
new-report-positions-boston-for-next-wave-of-energy-solutions,https://www.barrfoundation.org/blog/new-report-positions-boston-for-next-wave-of-energy-solutions
new-report-raises-stakes-for-education-in-massachusetts,https://www.barrfoundation.org/blog/new-report-raises-stakes-for-education-in-massachusetts
new-report-reveals-growth-us-energy-employment,https://www.barrfoundation.org/blog/new-report-reveals-growth-us-energy-employment
new-report-shows-declining-emissions-amidst-growing-economy,https://www.barrfoundation.org/blog/new-report-shows-declining-emissions-amidst-growing-economy
new-reports-offer-primer-for-clean-energy-future,https://www.barrfoundation.org/blog/new-reports-offer-primer-for-clean-energy-future
new-rfp-for-districts-talented-educators-of-color,https://www.barrfoundation.org/blog/new-rfp-for-districts-talented-educators-of-color
new-senior-program-officer-to-join-barr-s-education-team,https://www.barrfoundation.org/blog/new-senior-program-officer-to-join-barr-s-education-team
new-strategies-for-barr-s-education-program,https://www.barrfoundation.org/blog/new-strategies-for-barr-s-education-program
new-study-finds-massachusetts-climate-policy-yields-economic-gains-for-stat,https://www.barrfoundation.org/blog/new-study-finds-massachusetts-climate-policy-yields-economic-gains-for-stat
new-study-identifies-massive-risk-to-coastal-property-from-sea-level-rise,https://www.barrfoundation.org/blog/new-study-identifies-massive-risk-to-coastal-property-from-sea-level-rise
new-support-available-to-massachusetts-schools-planning-for-2020-21,https://www.barrfoundation.org/blog/new-support-available-to-massachusetts-schools-planning-for-2020-21
new-tactics-same-commitment-to-community-and-mission-driven-communications,https://www.barrfoundation.org/blog/new-tactics-same-commitment-to-community-and-mission-driven-communications
new-tool-calculates-value-of-public-benefits-in-waterfront-projects,https://www.barrfoundation.org/blog/new-tool-calculates-value-of-public-benefits-in-waterfront-projects
new-tool-for-climate-nonprofits-to-assess-progress-on-racial-equity,https://www.barrfoundation.org/blog/new-tool-for-climate-nonprofits-to-assess-progress-on-racial-equity
new-webinar-offers-101-on-political-advocacy-for-nonprofits,https://www.barrfoundation.org/blog/new-webinar-offers-101-on-political-advocacy-for-nonprofits
next-barr-fellowship-2019,https://www.barrfoundation.org/blog/next-barr-fellowship-2019
nine-questions-with-new-climate-resilience-program-officer,https://www.barrfoundation.org/blog/nine-questions-with-new-climate-resilience-program-officer
no-time-for-complacency,https://www.barrfoundation.org/blog/no-time-for-complacency
nonprofit-nonprofit-collaboration-in-boston,https://www.barrfoundation.org/blog/nonprofit-nonprofit-collaboration-in-boston
northeast-carbon-markets-delivers-benefits-for-all,https://www.barrfoundation.org/blog/northeast-carbon-markets-delivers-benefits-for-all
northeast-energy-program-lifting-economies-and-lowering-emissions,https://www.barrfoundation.org/blog/northeast-energy-program-lifting-economies-and-lowering-emissions
northeast-states-extend-leadership-on-clean-energy,https://www.barrfoundation.org/blog/northeast-states-extend-leadership-on-clean-energy
not-just-recovery-but-reinvention,https://www.barrfoundation.org/blog/not-just-recovery-but-reinvention
on-indigenous-leadership,https://www.barrfoundation.org/blog/on-indigenous-leadership
on-new-websites-and-transparency,https://www.barrfoundation.org/blog/on-new-websites-and-transparency
our-creative-sector-is-big-booming-and-at-risk,https://www.barrfoundation.org/blog/our-creative-sector-is-big-booming-and-at-risk
our-reasons-for-hope,https://www.barrfoundation.org/blog/our-reasons-for-hope
philanthropy-and-risk,https://www.barrfoundation.org/blog/philanthropy-and-risk
photos-of-boston-waterfront,https://www.barrfoundation.org/blog/photos-of-boston-waterfront
planning-with-purpose-on-boston-waterfront,https://www.barrfoundation.org/blog/planning-with-purpose-on-boston-waterfront
pocie-day-of-wellness,https://www.barrfoundation.org/blog/pocie-day-of-wellness
podcasting-for-all,https://www.barrfoundation.org/blog/podcasting-for-all
pope-rallies-mayors-to-lead-on-climate-change,https://www.barrfoundation.org/blog/pope-rallies-mayors-to-lead-on-climate-change
profiles-in-risk-taking-stories-from-three-arts-and-culture-leaders,https://www.barrfoundation.org/blog/profiles-in-risk-taking-stories-from-three-arts-and-culture-leaders
progress-report-centering-racial-equity-in-climate-grantmaking,https://www.barrfoundation.org/blog/progress-report-centering-racial-equity-in-climate-grantmaking
proving-it-pays-to-walk,https://www.barrfoundation.org/blog/proving-it-pays-to-walk
public-art-in-boston-neighborhoods,https://www.barrfoundation.org/blog/public-art-in-boston-neighborhoods
putting-art-at-the-center-of-community-transformation,https://www.barrfoundation.org/blog/putting-art-at-the-center-of-community-transformation
quality-counts-for-strong-starts,https://www.barrfoundation.org/blog/quality-counts-for-strong-starts
race-to-lead-2019,https://www.barrfoundation.org/blog/race-to-lead-2019
racial-equity-and-barr-s-arts-creativity-program,https://www.barrfoundation.org/blog/racial-equity-and-barr-s-arts-creativity-program
racial-equity-and-barr-s-climate-program,https://www.barrfoundation.org/blog/racial-equity-and-barr-s-climate-program
racial-wealth-equity-initiative-next,https://www.barrfoundation.org/blog/racial-wealth-equity-initiative-next
radio-silence-not-required,https://www.barrfoundation.org/blog/radio-silence-not-required
readying-for-rising-seas,https://www.barrfoundation.org/blog/readying-for-rising-seas
reclaiming-streets-as-public-spaces,https://www.barrfoundation.org/blog/reclaiming-streets-as-public-spaces
reflections-on-joining-the-organization-while-remote,https://www.barrfoundation.org/blog/reflections-on-joining-the-organization-while-remote
regardless-of-what-happens-structural-racism-persists,https://www.barrfoundation.org/blog/regardless-of-what-happens-structural-racism-persists
registration-open-for-online-info-session-on-new-education-rfp,https://www.barrfoundation.org/blog/registration-open-for-online-info-session-on-new-education-rfp
reimagining-more-just-public-spaces,https://www.barrfoundation.org/blog/reimagining-more-just-public-spaces
reimagining-philanthropy-commitment-to-racial-equity,https://www.barrfoundation.org/blog/reimagining-philanthropy-commitment-to-racial-equity
reimagining-the-future-of-boston-s-waterfront,https://www.barrfoundation.org/blog/reimagining-the-future-of-boston-s-waterfront
reliable-energy-for-a-changing-climate-safe-secure-and-clean,https://www.barrfoundation.org/blog/reliable-energy-for-a-changing-climate-safe-secure-and-clean
resources-for-job-seekers-in-the-social-sector,https://www.barrfoundation.org/blog/resources-for-job-seekers-in-the-social-sector
rewriting-the-playbook-on-how-we-get-around,https://www.barrfoundation.org/blog/rewriting-the-playbook-on-how-we-get-around
riding-the-bus-is-about-to-get-better-for-30000-commuters,https://www.barrfoundation.org/blog/riding-the-bus-is-about-to-get-better-for-30000-commuters
scale-clean-scale-smart-clean-energy-barr-strategy,https://www.barrfoundation.org/blog/scale-clean-scale-smart-clean-energy-barr-strategy
scaling-up-building-energy-retrofitting-in-us-cities,https://www.barrfoundation.org/blog/scaling-up-building-energy-retrofitting-in-us-cities
seven-questions-with-barr-senior-program-officer-for-arts-creativity,https://www.barrfoundation.org/blog/seven-questions-with-barr-senior-program-officer-for-arts-creativity
seven-questions-with-shanna-cleveland,https://www.barrfoundation.org/blog/seven-questions-with-shanna-cleveland
shanna-cleveland-to-join-barr-climate-team,https://www.barrfoundation.org/blog/shanna-cleveland-to-join-barr-climate-team
six-mobility-lessons-from-europes-most-sustainable-city,https://www.barrfoundation.org/blog/six-mobility-lessons-from-europes-most-sustainable-city
six-new-england-artists-earn-national-recognition,https://www.barrfoundation.org/blog/six-new-england-artists-earn-national-recognition
six-questions-with-barr-s-mobility-program-officer,https://www.barrfoundation.org/blog/six-questions-with-barr-s-mobility-program-officer
six-questions-with-barr-s-new-education-senior-program-officer,https://www.barrfoundation.org/blog/six-questions-with-barr-s-new-education-senior-program-officer
six-questions-with-barr-s-new-vice-president-for-administration,https://www.barrfoundation.org/blog/six-questions-with-barr-s-new-vice-president-for-administration
six-questions-with-barrs-new-vp-of-people-and-talent,https://www.barrfoundation.org/blog/six-questions-with-barrs-new-vp-of-people-and-talent
six-things-massachusetts-voters-are-saying-about-clean-energy,https://www.barrfoundation.org/blog/six-things-massachusetts-voters-are-saying-about-clean-energy
smarter-travel-smarter-places-barr-mobility-strategy,https://www.barrfoundation.org/blog/smarter-travel-smarter-places-barr-mobility-strategy
some-things-inspiring-in-the-state-of-denmark,https://www.barrfoundation.org/blog/some-things-inspiring-in-the-state-of-denmark
sound-lessons-from-seattle,https://www.barrfoundation.org/blog/sound-lessons-from-seattle
speak-out-against-anti-asian-racism,https://www.barrfoundation.org/blog/speak-out-against-anti-asian-racism
staffing-update-fall-14,https://www.barrfoundation.org/blog/staffing-update-fall-14
staffing-update-fall-2023,https://www.barrfoundation.org/blog/staffing-update-fall-2023
staffing-updates-at-the-barr-foundation,https://www.barrfoundation.org/blog/staffing-updates-at-the-barr-foundation
statement-on-president-trump-s-2019-federal-budget-request,https://www.barrfoundation.org/blog/statement-on-president-trump-s-2019-federal-budget-request
states-competing-to-lead-in-offshore-wind,https://www.barrfoundation.org/blog/states-competing-to-lead-in-offshore-wind
stewarding-a-boston-treasure,https://www.barrfoundation.org/blog/stewarding-a-boston-treasure
stewards-catalysts-barr-foundation-next-chapter-jim-canales,https://www.barrfoundation.org/blog/stewards-catalysts-barr-foundation-next-chapter-jim-canales
strategic-communications-at-barr,https://www.barrfoundation.org/blog/strategic-communications-at-barr
strategies-for-children-recognized-for-statewide-advocacy-work,https://www.barrfoundation.org/blog/strategies-for-children-recognized-for-statewide-advocacy-work
strategy-refresh-for-barr-foundation-mobility-work,https://www.barrfoundation.org/blog/strategy-refresh-for-barr-foundation-mobility-work
strengthen-school-leadership-massachusetts-report,https://www.barrfoundation.org/blog/strengthen-school-leadership-massachusetts-report
striving-for-transformation-in-our-energy-sector,https://www.barrfoundation.org/blog/striving-for-transformation-in-our-energy-sector
student-data-for-student-centered-schools,https://www.barrfoundation.org/blog/student-data-for-student-centered-schools
student-feedback-during-covid-inspires-schools-to-do-high-school-differently,https://www.barrfoundation.org/blog/student-feedback-during-covid-inspires-schools-to-do-high-school-differently
students-excel-when-expectations-for-them-are-high,https://www.barrfoundation.org/blog/students-excel-when-expectations-for-them-are-high
study-probes-consequences-of-poor-transportation-options-on-low-income-lati,https://www.barrfoundation.org/blog/study-probes-consequences-of-poor-transportation-options-on-low-income-lati
sueellen-kroll-named-barr-foundation-program-officer-for-arts-creativity,https://www.barrfoundation.org/blog/sueellen-kroll-named-barr-foundation-program-officer-for-arts-creativity
supporting-bipoc-artists-growing-vibrant-communities,https://www.barrfoundation.org/blog/supporting-bipoc-artists-growing-vibrant-communities
supporting-new-england-communities-under-threat-and-ensuring-a-fair-and-accurate-census-count,https://www.barrfoundation.org/blog/supporting-new-england-communities-under-threat-and-ensuring-a-fair-and-accurate-census-count
taking-creativity-to-the-streets-in-nashville,https://www.barrfoundation.org/blog/taking-creativity-to-the-streets-in-nashville
taking-the-long-view,https://www.barrfoundation.org/blog/taking-the-long-view
talk-read-succeed-inspiration-and-ideas-from-springfield,https://www.barrfoundation.org/blog/talk-read-succeed-inspiration-and-ideas-from-springfield
talking-ells-in-bps,https://www.barrfoundation.org/blog/talking-ells-in-bps
ten-questions-with-barr-s-new-vice-president,https://www.barrfoundation.org/blog/ten-questions-with-barr-s-new-vice-president
the-arts-mean-business-in-massachusetts,https://www.barrfoundation.org/blog/the-arts-mean-business-in-massachusetts
the-biggest-team-effort-in-boston-history,https://www.barrfoundation.org/blog/the-biggest-team-effort-in-boston-history
the-climate-gap-inequalities-in-how-climate-change-hurts-americans-how-to-c,https://www.barrfoundation.org/blog/the-climate-gap-inequalities-in-how-climate-change-hurts-americans-how-to-c
the-critical-high-school-years,https://www.barrfoundation.org/blog/the-critical-high-school-years
the-critical-role-of-teacher-leaders,https://www.barrfoundation.org/blog/the-critical-role-of-teacher-leaders
the-currency-of-social-change,https://www.barrfoundation.org/blog/the-currency-of-social-change
the-departing-exiting-nonprofit-leaders-as-resources-for-social-change,https://www.barrfoundation.org/blog/the-departing-exiting-nonprofit-leaders-as-resources-for-social-change
the-future-of-electricity-in-the-northeast,https://www.barrfoundation.org/blog/the-future-of-electricity-in-the-northeast
the-human-factor,https://www.barrfoundation.org/blog/the-human-factor
the-imperative-for-aspiration,https://www.barrfoundation.org/blog/the-imperative-for-aspiration
the-invisible-elephant-in-the-room-gas-leaks-and-climate,https://www.barrfoundation.org/blog/the-invisible-elephant-in-the-room-gas-leaks-and-climate
the-little-cities-that-could-and-did-and-are,https://www.barrfoundation.org/blog/the-little-cities-that-could-and-did-and-are
the-little-cities-that-could-and-did-show-leadership-on-climate-action,https://www.barrfoundation.org/blog/the-little-cities-that-could-and-did-show-leadership-on-climate-action
the-next-evolution-of-barr-s-climate-strategy-part-i,https://www.barrfoundation.org/blog/the-next-evolution-of-barr-s-climate-strategy-part-i
the-opportunity-city-on-a-hill,https://www.barrfoundation.org/blog/the-opportunity-city-on-a-hill
the-promise-of-integrated-water-transportation-in-boston,https://www.barrfoundation.org/blog/the-promise-of-integrated-water-transportation-in-boston
the-racial-leadership-gap-among-massachusetts-nonprofits,https://www.barrfoundation.org/blog/the-racial-leadership-gap-among-massachusetts-nonprofits
the-real-work-persists,https://www.barrfoundation.org/blog/the-real-work-persists
the-skinny-on-paris-and-cop21,https://www.barrfoundation.org/blog/the-skinny-on-paris-and-cop21
the-transportation-dividend,https://www.barrfoundation.org/blog/the-transportation-dividend
the-tyranny-of-school-fees,https://www.barrfoundation.org/blog/the-tyranny-of-school-fees
three-barr-fellows-named-among-states-top-innovators,https://www.barrfoundation.org/blog/three-barr-fellows-named-among-states-top-innovators
three-calls-to-action-for-boston-creates-implementation,https://www.barrfoundation.org/blog/three-calls-to-action-for-boston-creates-implementation
three-keys-to-breakthrough-on-complex-social-contract-issues,https://www.barrfoundation.org/blog/three-keys-to-breakthrough-on-complex-social-contract-issues
three-new-community-foundations-join-creative-commonwealth-partnership-cambridge-greater-lowell-and-metrowest,https://www.barrfoundation.org/blog/three-new-community-foundations-join-creative-commonwealth-partnership-cambridge-greater-lowell-and-metrowest
three-themes-for-advancing-wealth-building-and-racial-equity,https://www.barrfoundation.org/blog/three-themes-for-advancing-wealth-building-and-racial-equity
three-things-boston-voters-think-about-the-boston-waterfront,https://www.barrfoundation.org/blog/three-things-boston-voters-think-about-the-boston-waterfront
three-trends-shaping-barrs-arts-strategy,https://www.barrfoundation.org/blog/three-trends-shaping-barrs-arts-strategy
time-for-aspiration-for-mobility-in-massachusetts,https://www.barrfoundation.org/blog/time-for-aspiration-for-mobility-in-massachusetts
time-to-reimagine-what-can-be-not-rebuild-what-was,https://www.barrfoundation.org/blog/time-to-reimagine-what-can-be-not-rebuild-what-was
time-to-reset-philanthropys-default-settings,https://www.barrfoundation.org/blog/time-to-reset-philanthropys-default-settings
time-transform-transportation-massachusetts,https://www.barrfoundation.org/blog/time-transform-transportation-massachusetts
timely-new-report-shows-substantial-differences-in-energy-savings-among-massachusetts-towns,https://www.barrfoundation.org/blog/timely-new-report-shows-substantial-differences-in-energy-savings-among-massachusetts-towns
to-advance-racial-equity-foundation-boards-need-to-take-an-active-role,https://www.barrfoundation.org/blog/to-advance-racial-equity-foundation-boards-need-to-take-an-active-role
to-center-equity-we-must-learn-differently,https://www.barrfoundation.org/blog/to-center-equity-we-must-learn-differently
top-barr-blog-topics-from-2016,https://www.barrfoundation.org/blog/top-barr-blog-topics-from-2016
tracy-palandjian-appointed-barr-foundation-trustee,https://www.barrfoundation.org/blog/tracy-palandjian-appointed-barr-foundation-trustee
training-and-connecting-the-next-generation-of-nonprofit-leaders,https://www.barrfoundation.org/blog/training-and-connecting-the-next-generation-of-nonprofit-leaders
transforming-what-it-means-to-be-green-in-multifamily-affordable-housing,https://www.barrfoundation.org/blog/transforming-what-it-means-to-be-green-in-multifamily-affordable-housing
twelve-designs-that-challenge-the-traditional-bus-stop,https://www.barrfoundation.org/blog/twelve-designs-that-challenge-the-traditional-bus-stop
two-program-officers-join-barr-s-arts-creativity-team,https://www.barrfoundation.org/blog/two-program-officers-join-barr-s-arts-creativity-team
umass-boston-sustainable-solutions-harbor-barrier,https://www.barrfoundation.org/blog/umass-boston-sustainable-solutions-harbor-barrier
understanding-cultural-competency-in-experiential-environmental-education-p,https://www.barrfoundation.org/blog/understanding-cultural-competency-in-experiential-environmental-education-p
understanding-key-factors-impacting-black-and-latino-male-achievement,https://www.barrfoundation.org/blog/understanding-key-factors-impacting-black-and-latino-male-achievement
undeterred-our-work-continues,https://www.barrfoundation.org/blog/undeterred-our-work-continues
unequal-exposure-to-ecological-hazards,https://www.barrfoundation.org/blog/unequal-exposure-to-ecological-hazards
unwavering-resolve-to-advance-solutions-for-climate-change,https://www.barrfoundation.org/blog/unwavering-resolve-to-advance-solutions-for-climate-change
views-that-matter,https://www.barrfoundation.org/blog/views-that-matter
walking-a-mile-in-our-grantees-shoes,https://www.barrfoundation.org/blog/walking-a-mile-in-our-grantees-shoes
we-all-must-stand-up,https://www.barrfoundation.org/blog/we-all-must-stand-up
we-know-principals-are-important,https://www.barrfoundation.org/blog/we-know-principals-are-important
we-must-all-speak-out,https://www.barrfoundation.org/blog/we-must-all-speak-out
we-must-persevere,https://www.barrfoundation.org/blog/we-must-persevere
we-should-not-be-surprised,https://www.barrfoundation.org/blog/we-should-not-be-surprised
we-welcome-your-feedback,https://www.barrfoundation.org/blog/we-welcome-your-feedback
welcoming-barrs-new-senior-program-officer-for-arts-and-culture,https://www.barrfoundation.org/blog/welcoming-barrs-new-senior-program-officer-for-arts-and-culture
welcoming-new-barr-colleagues,https://www.barrfoundation.org/blog/welcoming-new-barr-colleagues
west-end-house-takes-an-artistic-risk,https://www.barrfoundation.org/blog/west-end-house-takes-an-artistic-risk
what-are-my-options-for-boston-schools,https://www.barrfoundation.org/blog/what-are-my-options-for-boston-schools
what-do-artists-and-creative-workers-in-new-england-need-to-thrive-here,https://www.barrfoundation.org/blog/what-do-artists-and-creative-workers-in-new-england-need-to-thrive-here
what-do-students-have-to-say-about-learning-and-school-during-covid-19,https://www.barrfoundation.org/blog/what-do-students-have-to-say-about-learning-and-school-during-covid-19
what-does-climate-change-mean-for-coastal-communities,https://www.barrfoundation.org/blog/what-does-climate-change-mean-for-coastal-communities
what-does-it-look-like-to-center-equity-in-hr,https://www.barrfoundation.org/blog/what-does-it-look-like-to-center-equity-in-hr
what-does-it-take-to-bring-good-ideas-to-scale,https://www.barrfoundation.org/blog/what-does-it-take-to-bring-good-ideas-to-scale
what-if-our-great-leaders-became-a-great-network,https://www.barrfoundation.org/blog/what-if-our-great-leaders-became-a-great-network
what-if-we-focus-on-moving-people-instead-of-cars,https://www.barrfoundation.org/blog/what-if-we-focus-on-moving-people-instead-of-cars
what-is-personalized-learning-anyway,https://www.barrfoundation.org/blog/what-is-personalized-learning-anyway
what-is-positive-youth-development-in-high-schools,https://www.barrfoundation.org/blog/what-is-positive-youth-development-in-high-schools
what-is-the-vision-for-boston-waterfront,https://www.barrfoundation.org/blog/what-is-the-vision-for-boston-waterfront
when-artists-are-at-the-intersection-of-planning-and-community,https://www.barrfoundation.org/blog/when-artists-are-at-the-intersection-of-planning-and-community
when-foundation-strategies-evolve,https://www.barrfoundation.org/blog/when-foundation-strategies-evolve
why-a-diverse-teacher-workforce-matters,https://www.barrfoundation.org/blog/why-a-diverse-teacher-workforce-matters
why-art-should-imitate-the-new-america,https://www.barrfoundation.org/blog/why-art-should-imitate-the-new-america
why-not-go-for-gold-in-boston,https://www.barrfoundation.org/blog/why-not-go-for-gold-in-boston
why-we-paused-for-joy-again,https://www.barrfoundation.org/blog/why-we-paused-for-joy-again
with-more-control-communities-choose-clean-energy,https://www.barrfoundation.org/blog/with-more-control-communities-choose-clean-energy
words-of-advice-from-seven-schools-reimagining-where-learning-happens,https://www.barrfoundation.org/blog/words-of-advice-from-seven-schools-reimagining-where-learning-happens
world-music-crash-arts-embraces-artistic-risk,https://www.barrfoundation.org/blog/world-music-crash-arts-embraces-artistic-risk
youth-make-voices-heard-and-vision-clear-through-the-arts,https://www.barrfoundation.org/blog/youth-make-voices-heard-and-vision-clear-through-the-arts
