title,contactEmail,contactWebsite,contactLinkedIn,contactTwitter,contactInstagram,contactFacebook,contactYoutube
FaithActs,,https://faithacts.org,,https://twitter.com/faithactsedu,https://www.instagram.com/faithactsedu,https://www.facebook.com/faithacts,
"Mahaiwe Performing Arts Center, Inc.",,https://mahaiwe.org,https://www.linkedin.com/company/mahaiwe-performing-arts-center/,,https://www.instagram.com/themahaiwe,https://www.facebook.com/MahaiwePerformingArtsCenter,https://www.youtube.com/channel/UC6Ivhe0vCtDZSj5Pjwm5rlw
"Zeiterion Theatre, Inc.",,www.zeiterion.org,,,,,
Winooski School District,,www.wsdschools.org,,,,,
World Resources Institute,,www.wri.org,,,,,
Old Dartmouth Historical Society dba New Bedford Whaling Museum,,www.whalingmuseum.org,,,,,
"WalkBoston, Inc.",,www.walkboston.org,,,,,
"Unitarian Universalist Massachusetts Action Network, Inc.",,www.uumassaction.org,,,,,
FII - National dba UpTogether,,www.uptogether.org,,,,,
United Philanthropy Forum,,www.unitedphilforum.org,,,,,
"TransitCenter, Inc.",,www.transitcenter.org,,,,,
"The Record Company, Inc.",,www.therecordco.org,,,,,
Taunton Public Schools,,www.tauntonschools.org,,,,,
Technology Association of Grantmakers,,www.tagtech.org,,,,,
Sierra Club Foundation,,www.sierraclubfoundation.org,,,,,
Franklin School District SAU 18,,www.sau18.org,,,,,
"Rockefeller Philanthropy Advisors, Inc.",,www.rockpa.org,,,,,
Rocky Mountain Institute,,www.rmi.org,,,,,
Piers Park Sailing Center,,www.PiersParkSailing.org,,,,,
"Philanthropy Massachusetts, Inc.",,www.philanthropyma.org,,,,,
Prospect Hill Academy Charter School Foundation,,www.phacs.org,,,,,
New Venture Fund,,www.newventurefund.org,,,,,
"New Bedford Museum and Art Center, Inc.",,www.newbedfordart.org,,,,,
National Council on Teacher Quality,,www.nctq.org,,,,,
Native Americans in Philanthropy,,www.nativephilanthropy.org,,,,,
"Mystic River Watershed Association, Inc.",,www.mysticriver.org,,,,,
Performing Arts Center of Los Angeles County,,www.musiccenter.org,,,,,
"Mothers Out Front, Inc.",,www.mothersoutfront.org,,,,,
Millbury Public Schools,,www.millburyschools.org,,,,,
"Massachusetts Nonprofit Network, Inc.",,www.massnonprofitnet.org,,,,,
Massachusetts Foundation for the Humanities,,www.masshumanities.org,,,,,
"MASSCreative, Inc.",,www.mass-creative.org,,,,,
Massachusetts Public Health Association,,www.mapublichealth.org,,,,,
"Lawyers for Civil Rights, Inc.",,www.lawyersforcivilrights.org,,,,,
"Interstate Renewable Energy Council, Inc.",,www.irecusa.org,,,,,
Hyams Foundation,,www.hyamsfoundation.org,,,,,
"Grub Street, Inc.",,www.grubstreet.org,,,,,
"GreenRoots, Inc.",,www.greenrootschelsea.org,,,,,
"World Music, Inc. d/b/a Global Arts Live",,www.globalartslive.org,,,,,
Grantmakers for Effective Organizations,,www.geofunders.org,,,,,
"The Funders Network, Inc.",,www.fundersnetwork.org,,,,,
"New Bedford Fishing Heritage Center, Inc.",,www.fishingheritagecenter.org,,,,,
"Elevated Thought Foundation, Inc.",,www.elevatedthought.org,,,,,
"EdVestors, Inc.",,www.edvestors.org,,,,,
Grantmakers for Education,,www.edfunders.org,,,,,
"Environmental Defense Fund, Inc.",,www.edf.org,,,,,
"Essex County Community Foundation, Inc.",,www.eccf.org,,,,,
"Educators for Excellence, Inc.",,www.e4e.org,,,,,
Capitol Region Education Council,,www.crec.org,,,,,
Communication Network,,www.comnetwork.org,,,,,
Community Foundation of Western Massachusetts,,www.communityfoundation.org,,,,,
"CropCircle Kitchen, Inc. d/b/a CommonWealth Kitchen",,www.commonwealthkitchen.org,,,,,
"Conservation Law Foundation, Inc.",,www.clf.org,,,,,
Clean Water Fund,,www.cleanwaterfund.org,,,,,
"Clean Energy Group, Inc.",,www.cleanegroup.org,,,,,
"City Parks Alliance, Inc.",,www.cityparksalliance.org,,,,,
Chelsea Public Schools,,www.chelseaschools.com,,,,,
Central Falls School District,,www.cfschools.net,,,,,
Citizens for Juvenile Justice,,www.cfjj.org,,,,,
"Clean Energy States Alliance, Inc.",,www.cesa.org,,,,,
"Center for Effective Philanthropy, Inc.",,www.cep.org,,,,,
Center for Coalfield Justice,,www.centerforcoalfieldjustice.org,,,,,
"Cambridge Community Center, Inc.",,www.cambndgecc.org,,,,,
Trustees of Boston University,,www.bu.edu,,,,,
Borealis Philanthropy,,www.borealisphilanthropy.org,,,,,
"Bikes Not Bombs, Inc.",,www.bikesnotbombs.org,,,,,
Benjamin Franklin Institute of Technology,,www.bfit.edu,,,,,
"The Berkshire Taconic Community Foundation, Inc.",,www.berkshiretaconic.org,,,,,
"Angkor Dance Troupe, Inc.",,www.angkordance.org,,,,,
Allston Brighton Community Development Corporation,,www.allstonbrightoncdc.org,,,,,
Area Cooperative Educational Services,,www.aces.org,,,,,
"Alternatives for Community and Environment, Inc.",,www.ace-ej.org,,,,,
"Association of Black Foundation Executives, Inc.",,www.abfe.org,,,,,
"50CAN, Inc.",,www.50can.org,,,,,
"3rd Eye Youth Empowerment, Inc.",,www.3rdeyeunlimited.com,,,,,
Parents Leading for Educational Equity,,www.+pleeri.org,,,,,
Vote Solar,,votesolar.org,,,,,
"United Way of Massachusetts Bay, Inc.",,unitedwaymassbay.org,,,,,
The Lenny Zakim Fund,,thelennyzakimfund.org,,,,,
"PEAK Grantmaking, Inc.",,peakgrantmaking.org,,,,,
"Northeast Energy Efficiency Partnerships, Inc.",,neep.org,,,,,
"Massachusetts Museum of Contemporary Art Foundation, Inc.",,massmoca.org,,,,,
Boston Emergency Response Funds,,"https://www.tbf.org/what-we-do/special-funds/covid-19-response-fund/other-covid-19-response-efforts#:~:text=The%20Boston%20Resiliency%20Fund%20will,responders%20and%20critical%20care%20providers.",,,,,
"Boston Foundation, Inc.",,https://www.tbf.org,,,,,
Sharing Inc. DBA Shareable,,https://www.shareable.net,,,,,
"Rights and Democracy Education Fund, Inc. d.b.a. Rights and Democracy Institute",,https://www.rights-democracy.org,,,,,
"Resist, Inc.",,https://www.resist.org,,,,,
Renew New England Alliance,,https://www.renewnewenglandalliance.org,,,,,
Relay Graduate School of Education,,https://www.relay.edu,,,,,
City of Providence,,https://www.providenceri.com,,,,,
"Political Asylum Immigration Representation Project, Inc.",,https://www.pairproject.org,,,,,
"New England Foundation for the Arts, Inc.",,https://www.nefa.org,,,,,
"New England Blacks in Philanthropy, Inc.",,https://www.nebip.org,,,,,
National Committee for Responsive Philanthropy,,https://www.ncrp.org,,,,,
"Norman B. Leventhal Map Center, Inc.",,https://www.leventhalmap.org,,,,,
"Chelsea Collaborative, Inc. dba La Colaborativa, Inc.",,https://www.la-colaborativa.org,,,,,
"Our Turn, Inc.",,https://www.itsourturn.org,,,,,
Hispanics in Philanthropy,,https://www.hipfunds.org,,,,,
Georgetown University,,https://www.georgetown.edu,,,,,
First Teacher,,https://www.firstteacherboston.org/,,,,,
"Charles River Watershed Association, Inc.",,https://www.crwa.org,,,,,
"Council on Foundations, Inc.",,https://www.cof.org,,,,,
Boston Public Schools,,https://www.bostonpublicschools.org/,,,,,
Ready Educators Quality Improvement Pilot,,https://www.barrfoundation.org/partners/thrive-in-5,,,,,
Boys and Girls Club of Dorchester,,https://www.barrfoundation.org/partners/boys-and-girls-clubs-of-dorchester,,,,,
Barnstable Public Schools,,https://www.barnstable.k12.ma.us,,,,,
Advanced Energy Economy Institute dba Advanced Energy Institute,,https://www.aee.netaeei,,,,,
Smart from the Start,,https://smartfromthestart.org/,,,,,
Raising a Reader in Massachusetts,,https://raisingareaderma.org/,,,,,
Massachusetts Community Foundations,,https://massnonprofitnet.org/massachusetts-community-foundations-partnership/,,,,,
"Jean Appolon Expressions, Inc.",,https://jeanappolonexpressions.org,,,,,
Freshgrass Public Foundation,,https://freshgrassfoundation.org,,,,,
Children's Investment Fund,,https://cedac.org/cif/,,,,,
"Black Economic Council of Massachusetts, Inc.",,https://becma.org,,,,,
Acadia Center,,https://acadiacenter.org,,,,,
"United Way of Central Massachusetts, Inc.",,http://www.unitedwaycm.org,,,,,
"Third Sector New England, Inc.",,http://www.tsne.org,,,,,
"Transcend, Inc.",,HTTP://WWW.TRANSCENDEDUCATION.ORG,,,,,
"Tiny Seed Project, Inc",,http://www.tinyseedproject.org,,,,,
Tides Center,,http://www.tides.org,,,,,
"Thompson Island Outward Bound Education Center, Inc.",,http://www.thompsonisland.org,,,,,
"The Loop Lab, Inc.",,http://www.thelooplab.org,,,,,
"Teach for America, Inc.",,http://www.teachforamerica.org,,,,,
Strategies for Children,,http://www.strategiesforchildren.org/,,,,,
"Southeast Asian Coalition of Central Massachusetts, Inc.",,http://WWW.SEACMA.ORG,,,,,
"Partnership Project, Inc.",,http://WWW.SAVEOURENVIRONMENT.ORG,,,,,
Rennie Center for Education Research and Policy,,http://www.renniecenter.org,,,,,
Regulatory Assistance Project,,http://WWW.RAPONLINE.ORG,,,,,
One Square World,,http://www.onesquareworld.org,,,,,
National Public Education Support Fund,,http://www.npesf.org,,,,,
"Nellie Mae Education Foundation, Inc.",,http://WWW.NMEFOUNDATION.ORG,,,,,
"National Association of City Transportation Officials, Inc.",,http://WWW.NACTO.ORG,,,,,
"Media Impact Funders, Inc.",,http://www.mediaimpactfunders.org,,,,,
Massachusetts Development Finance Agency,,http://www.massdevelopment.com,,,,,
MASS Design Group LTD,,http://www.massdesigngroup.org,,,,,
"Massachusetts Budget and Policy Center, Inc.",,http://www.massbudget.org,,,,,
Institute for Transportation and Development Policy,,http://www.itdp.org,,,,,
Independent Sector,,http://www.independentsector.org,,,,,
"Hyde Square Task Force, Inc.",,http://www.hydesquare.org,,,,,
"Great Schools Partnership, Inc.",,http://www.greatschoolspartnership.org,,,,,
"Greater Worcester Community Foundation, Inc.",,http://www.greaterworcester.org,,,,,
Front Porch Arts Collective of Boston,,http://www.frontporcharts.org,,,,,
"Environmental League of Massachusetts, Inc.",,http://www.environmentalleague.org,,,,,
Environmental Grantmakers Association,,http://www.ega.org,,,,,
"Double Edge Theatre Productions, Inc.",,http://www.doubleedgetheatre.org,,,,,
"Deeply Rooted Productions, Inc.",,http://www.deeplyrooteddancetheater.org,,,,,
"Castle of Our Skins, Inc.",,http://www.castleskins.org,,,,,
"Boston Schools Fund, Inc.",,http://www.bostonschoolsfund.org,,,,,
"Boston Harbor Now, Inc.",,http://www.bostonharbornow.org,,,,,
Consultative Group on Biological Diversity,,http://WWW.BIODIVERSITYFUNDERS.ORG,,,,,
"Theatrezone, Inc.",,http://WWW.APOLLINAIRETHEATRE.COM,,,,,
"Applied Economics Clinic, Inc.",,http://WWW.AECLINIC.ORG,,,,,
"TNTP, Inc.",,http://tntp.org,,,,,
"Social Innovation Forum, Inc.",,http://socialinnovationforum.org,,,,,
"NECEC Institute, Inc.",,http://Nececinstitute.org,,,,,
Innovation Network for Communities,,http://IN4C.NET,,,,,
United States Energy Foundation,,http://ef.org,,,,,
Grantmakers in the Arts,,giarts.org,,,,,
"Flourish Agenda, Inc.",,flourishagenda.com,,,,,
"Education Reform Now, Inc.",,edreformnow.org,,,,,
"Greater Boston Chamber of Commerce Foundation, Inc.",,BOSTONCHAMBER.COM,,,,,
"Alliance for Business Leadership, Inc.",,alliancebl.org,,,,,
Abilities Dance Incorporated,,abilitiesdanceboston.org,,,,,
Asian American-Pacific Islanders in Philanthropy,,aapip.org,,,,,
"350VERMONT, Inc.",,350vermont.org,,,,,
"The Massachusetts LGBT Business Network, Inc.",,,,,,,
Gateway Regional School District,,,,,,,
Agawam Public Schools,,,,,,,
Lowell Public Schools,,,,,,,
Milford Public Schools,,,,,,,
Merrimack Valley Regional Transit Authority,,,,,,,
Amalgamated Charitable Foundation Inc,,,,,,,
"Connecticut Roundtable on Climate and Jobs, Inc.",,,,,,,
Center for the Study of Public Policy Incorporated,,,,,,,
Aquinnah Cultural Center,,,,,,,
The Harborkeepers,,,,,,,
"Grantmakers Council of Rhode Island, Inc.",,,,,,,
"New Bedford Historical Society, Inc.",,,,,,,
Organizations Serving Immigrant Communities in Massachusetts,,,,,,,